use colometa;

insert into player (username, password, matches_won) values
('admin1', 'password1', 47),
('admin2', 'password2', 29),
('admin3', 'password3', 5),
('admin4', 'password4', 12),
('admin5', 'password5', 29),
('admin6', 'password6', 33),
('admin7', 'password7', 31),
('admin8', 'password8', 12),
('admin9', 'password9', 42),
('admin10', 'password10', 10);

insert into villager (name, description, element) values
('villager1', 'A brave fire warrior', 'fire'),
('villager2', 'A wise water mage', 'water'),
('villager3', 'An earth guardian', 'earth'),
('villager4', 'A swift snow scout', 'snow'), -- Cambiado de 'wind' a 'snow'
('villager5', 'A snow tank', 'snow'), -- Cambiado de 'wind' a 'snow'
('villager6', 'A mysterious fire rogue', 'fire');


insert into stats (username, most_used_card, most_used_villager, least_used_card, least_used_villager, found_objects) values
('admin1', '9', 'villager4', '17', 'villager4', 0),
('admin2', '18', 'villager5', '13', 'villager4', 1),
('admin3', '15', 'villager3', '23', 'villager2', 8),
('admin4', '13', 'villager6', '19', 'villager5', 9),
('admin5', '2', 'villager2', '22', 'villager2', 18),
('admin6', '15', 'villager5', '1', 'villager3', 15),
('admin7', '17', 'villager6', '16', 'villager5', 5),
('admin8', '20', 'villager3', '9', 'villager3', 9),
('admin9', '3', 'villager6', '9', 'villager3', 1),
('admin10', '20', 'villager4', '17', 'villager2', 17);

insert into deck (username, cardId) values
('admin1', '3'),
('admin1', '21'),
('admin1', '15'),
('admin1', '20'),
('admin1', '2'),
('admin2', '9'),
('admin2', '2'),
('admin2', '7'),
('admin2', '11'),
('admin2', '4'),
('admin3', '7'),
('admin3', '11'),
('admin3', '19'),
('admin3', '8'),
('admin3', '2'),
('admin4', '2'),
('admin4', '13'),
('admin4', '2'),
('admin4', '10'),
('admin4', '14'),
('admin5', '7'),
('admin5', '3'),
('admin5', '5'),
('admin5', '13'),
('admin5', '5'),
('admin6', '6'),
('admin6', '22'),
('admin6', '10'),
('admin6', '23'),
('admin6', '2'),
('admin7', '23'),
('admin7', '10'),
('admin7', '7'),
('admin7', '23'),
('admin7', '21'),
('admin8', '15'),
('admin8', '7'),
('admin8', '9'),
('admin8', '1'),
('admin8', '6'),
('admin9', '2'),
('admin9', '23'),
('admin9', '12'),
('admin9', '16'),
('admin9', '1'),
('admin10', '5'),
('admin10', '11'),
('admin10', '4'),
('admin10', '9'),
('admin10', '17');


insert into card (cardId, name, energy_cost, effect, type, description) values
('1', 'plum juice', 3, 'healing', 'snack', 'drinking this grants 2 hp'),
('2', 'plum jam', 1, 'healing', 'snack', 'eating this grants 1 hp'),
('3', 'candy', 2, 'healing', 'snack', 'this candy grants 1 hp healing for 2 rounds'),
('4', 'bandage', 2, 'healing', 'tool', 'apply a bandage to receive 1 hp and remove effects'),
('5', 'glove', 3, 'support', 'tool', 'applies inmunity to the element damage for 1 round'),
('6', '4 leaf clover', 1, 'support', 'tool', 'increases wind attack by 1 point'),
('7', 'friendship bracelet', 1, 'support', 'tool', 'increases defense by 1 point'),
('8', 'horse shoe', 2, 'support', 'tool', 'increases attack by 2 points'),
('9', 'chocolate', 3, 'support', 'snack', 'decreases the enemy accuracy for 1 round'),
('10', 'dog', 2, 'support', 'creature', 'increases accuracy for 1 round'),
('11', 'sword', 2, 'attack', 'tool', 'deals 2 damage to your opponent'),
('12', 'fear', 3, 'attack', 'hypnosis', 'deals 1 damage to the opponent and increases defense bt 1 point'),
('13', 'sharp stick', 1, 'attack', 'tool', 'deals 1 damage to your opponent'),
('14', 'sleep', 2, 'attack', 'hypnosis', 'skips your opponents turn'),
('15', 'confusion', 2, 'attack', 'skill', 'deals 1 damage each turn for 2 turns'),
('16', 'mock', 1, 'defense', 'skill', 'mock your opponent'),
('17', 'mock', 1, 'defense', 'skill', 'mock your opponent'),
('18', 'mock', 1, 'defense', 'skill', 'mock your opponent'),
('19', 'mock', 1, 'defense', 'skill', 'mock your opponent'),
('20', 'mock', 1, 'defense', 'skill', 'mock your opponent'),
('21', 'mock', 1, 'defense', 'skill', 'mock your opponent'),
('22', 'mock', 1, 'defense', 'skill', 'mock your opponent'),
('23', 'mock', 1, 'defense', 'skill', 'mock your opponent'),
('24', 'mock', 1, 'defense', 'skill', 'mock your opponent');

insert into team (username, villager) values
('admin1', 'villager3'),
('admin2', 'villager2'),
('admin4', 'villager1'),
('admin10', 'villager6'),
('admin5', 'villager1'),
('admin5', 'villager4'),
('admin1', 'villager4'),
('admin4', 'villager2'),
('admin3', 'villager2'),
('admin6', 'villager5'),
('admin7', 'villager4'),
('admin8', 'villager3'),
('admin9', 'villager1'),
('admin10', 'villager6'),
('admin5', 'villager3'),
('admin2', 'villager2'),
('admin1', 'villager2'),
('admin3', 'villager6'),
('admin4', 'villager5'),
('admin8', 'villager1');


insert into tcg_match (matchId, timestamp, username, resultado) values
(1, '2024-05-22 11:34:00', 'admin', 'ganado'),
(2, '2024-05-22 15:29:00', 'admin2', 'perdido'),
(3, '2024-05-23 09:15:00', 'admin3', 'ganado'),
(4, '2024-05-23 14:45:00', 'admin4', 'ganado'),
(5, '2024-05-24 10:00:00', 'admin5', 'perdido'),
(6, '2024-05-24 16:30:00', 'admin', 'perdido'),
(7, '2024-05-25 12:00:00', 'admin2', 'ganado'),
(8, '2024-05-25 17:30:00', 'admin3', 'ganado'),
(9, '2024-05-26 13:00:00', 'admin4', 'perdido'),
(10, '2024-05-26 18:45:00', 'admin5', 'perdido'),
(11, '2024-05-27 14:15:00', 'admin7', 'ganado'),
(12, '2024-05-27 19:30:00', 'admin2', 'ganado'),
(13, '2024-05-28 15:45:00', 'admin3', 'perdido'),
(14, '2024-05-28 20:00:00', 'admin6', 'perdido'),
(15, '2024-05-29 16:00:00', 'admin9', 'ganado'),
(16, '2024-05-29 21:30:00', 'admin8', 'ganado'),
(17, '2024-05-30 17:00:00', 'admin2', 'perdido'),
(18, '2024-05-30 22:45:00', 'admin2', 'perdido'),
(19, '2024-05-31 18:00:00', 'admin10', 'ganado'),
(20, '2024-05-31 23:15:00', 'admin5', 'ganado'),
(21, '2024-06-01 19:00:00', 'admin7', 'perdido'),
(22, '2024-06-01 23:59:00', 'admin2', 'perdido'),
(23, '2024-06-02 20:00:00', 'admin3', 'ganado'),
(24, '2024-06-02 22:45:00', 'admin2', 'ganado'),